tendangnhap,matkhau,hoten,gioitinh,ngaysinh,sdt,mail,diachi,trangthai,quantri,anh
admin,12345,Trần Văn Hòa,1,2000-04-15,0300471491,dhxi1huo2zadl91qps@gmail.com,"262 Nguyễn Thái Sơn, Phường 4, Quận Gò Vấp, Thành phố Hồ Chí Minh",1,1,avatarboy1.jpg
admin2,54321,Đỗ Nguyễn Duy Linh,1,1994-11-09,0190932854,by53a88gwqtdysc792@gmail.com,"E-Town Central, Số 11, Đường Đoàn Văn Bơ, Phường 12, Quận 4, Thành phố Hồ Chí Minh",1,1,avatarboy1.jpg
admin3,*****,Dương Thị Tường Vy,0,1999-12-11,0767545170,jne2emzg9yax@gmail.com,"43/6A Minh Phụng, Phường 05, Quận 6, Thành phố Hồ Chí Minh",1,1,avatargirl2.jpg
cm7l,7ypjmn0xb,Đặng Tuấn Anh,1,1983-02-10,0615627313,cm7l7ypjmn0xbfwlapm@gmail.com,"262/53A Lê Văn Sỹ, Phường 14, Quận 3, Thành phố Hồ Chí Minh",1,0,avatarboy1.jpg
xszm,ld9zcah,Hoàng Đức Anh,1,1991-03-06,0622782821,xszmld9zcah6i2q@gmail.com,"Số 19 ngõ 69 Đường Nguyễn Hoàng, Phường Mỹ Đình 2, Quận Nam Từ Liêm, Thành phố Hà Nội",1,0,avatarboy1.jpg
5qvg,bf7xn9wb,Lưu Trang Anh,0,1980-01-10,0866614672,5qvgbf7xn9wbib1fs1cq@gmail.com,"Số 4, liền kề 10, Khu nhà ở CBCS Tổng cục 5 BCA, Xã Tân Triều, Huyện Thanh Trì, Thành phố Hà Nội",1,0,avatargirl1.jpg
ar3s,slrgt,Phạm Hoàng Anh,1,1989-09-07,0848547001,ar3sslrgt145kmqd6l8@gmail.com,"Số 35 Trung Kính, Phường Trung Hoà, Quận Cầu Giấy, Thành phố Hà Nội",1,0,avatarboy1.jpg
ye0d,gzhdrxo2@g,Phạm Thị Hiền Anh,0,1991-03-20,0688314823,ye0dgzhdrxo2@gmail.com,"Số 3, Ngách 130/16, Đường Tựu Liệt, Thị Trấn Văn Điển, Huyện Thanh Trì, Thành phố Hà Nội",1,0,avatargirl2.jpg
g86r,ol3f9af1,Phạm Khắc Việt Anh,1,1997-08-09,0269629636,g86rol3f9af12lcc2ztr@gmail.com,"715 Đường 3/2, , Phường: An Bình, Quận Ninh Kiều",1,0,avatarboy2.jpg
xb1d,ippeg,Đỗ Hoàng Gia Bảo,1,1994-09-27,0735092145,xb1dippegj@gmail.com,"552-554 Đường 30/4, , Phường: Hưng Lợi, Quận Ninh Kiều",1,0,avatarboy1.jpg
nkf5,ruxxsdwb,Trần Thị Minh Châu,0,1982-09-03,0421757011,nkf5ruxxsdwb1q@gmail.com,"35B Cách Mạng Tháng 8, , Phường: An Hòa, Quận Ninh Kiều",1,0,avatargirl2.jpg
1gfo,v6hi9iu,Tăng Phương Chi,0,1981-09-30,0186776528,1gfov6hi9iu81e@gmail.com,"Số 474-476 Hữu Nghị, Khóm Xuân Hoà Tt. Tịnh Biên , Thị Trấn: Tịnh Biên, Huyện Tịnh Biên",1,0,avatargirl2.jpg
i05y,za679ubkf,Gan Feng Du,1,1996-05-12,0946965493,i05yza679ubkfo@gmail.com,"349/6 Phạm Cự Lượng, Phường: Mỹ Quý, Thành Phố Long Xuyên",1,0,avatarboy1.jpg
n7ev,875g2q,Phạm Tiến Dũng,1,1980-11-09,0191230087,n7ev875g2qdo5own1d@gmail.com,"180A 10 Đường Hàm Nghi, Phường: Bình Khánh, Thành Phố Long Xuyên",1,0,avatarboy1.jpg
n4ya,132cx6,Nguyễn Thái Dương,1,1992-02-27,0733938087,n4ya132cx6lxv9t@gmail.com,"180B, Trần Hưng Đạo, Thị Trấn: Tri Tôn, Huyện Tri Tôn",1,0,avatarboy1.jpg
lej7,2r1fl,Trần An Dương,0,1997-06-06,0158787711,lej72r1flywxkqsm@gmail.com,"219 Hoàng Diệu, Phường: Châu Phú B, Thị Xã Châu Đốc",1,0,avatargirl1.jpg
rtyp,30xjmi@g,Mạc Trung Đức,1,1990-03-21,0161486573,rtyp30xjmi@gmail.com,"538 Ql 91, Thị Trấn: Cái Dầu, Huyện Châu Phú",1,0,avatarboy2.jpg
odfo,r99d9,Vũ Hương Giang,0,1991-01-12,0825645916,odfor99d9pthr@gmail.com,"Số 244 Trần Hưng Đạo, Phường: Bình Khánh, Thành Phố Long Xuyên",1,0,avatargirl2.jpg
khmt,3lmmx3,Nguyễn Thị Ngân Hà,0,1982-07-10,0748289412,khmt3lmmx3i60d@gmail.com,"Số 111 Tổ 2 Khu Phố 10 , Thị Trấn: Sông Đốc, Huyện Trần Văn Thời",1,0,avatargirl1.jpg
8esc,ef5u7m,Nguyễn Lê Hiếu,1,1999-06-18,0407602809,8escef5u7mst8j3ozi56@gmail.com,"Khóm 1, Thị Trấn: Thới Bình, Huyện Thới Bình",1,0,avatarboy2.jpg
fxvt,vvqfh29,Phạm Xuân Hòa,0,1993-01-11,0138848610,fxvtvvqfh29hed16@gmail.com,"18 Nguyễn Ngọc Sanh, Phường: 5, Thành Phố Cà Mau",1,0,avatargirl1.jpg
0gy5,s0ao9l@g,Khoa Minh Hoàng,1,2000-02-13,0163422604,0gy5s0ao9l@gmail.com,"281 Ql 1A, Thị Trấn: Cái Nước, Huyện Cái Nước",1,0,avatarboy1.jpg
k4ev,lyjprd134,Nguyễn Hữu Hiệp Hoàng,1,1995-08-05,0343486027,k4evlyjprd13454@gmail.com,"Số 23 Nguyễn Văn Thoại, , Phường: An Hải Đông, Quận Sơn Trà",1,0,avatarboy2.jpg
8t69,2w6cw,Nguyễn Mạnh Hùng,1,1994-07-28,0954498556,8t692w6cwo@gmail.com,"203 Đường Điện Biên Phủ, , Phường: Hòa Khê, Quận Thanh Khê",1,0,avatarboy2.jpg
bio8,3gsfoz8,Nguyễn Vũ Gia Hưng,1,1980-07-09,0822206821,bio83gsfoz8rjt8i4r7@gmail.com,"320-322 Lê Duẩn, , Phường: Tân Chính, Quận Thanh Khê",1,0,avatarboy1.jpg
liy4,d79k1o@gma,Trần Tuấn Hưng,1,1983-03-02,0562208978,liy4d79k1o@gmail.com,"Tổ Nhân Dân Tân Thịnh, Tt. Tân Yên , Thị Trấn: Tân Yên, Huyện Hàm Yên",1,0,avatarboy2.jpg
sx5q,lywy2g,Phạm Gia Minh,1,1980-01-08,0516915424,sx5qlywy2g6gfk@gmail.com,"115-117 Đường Bình Thuận, Tổ 29 , Phường: Tân Quang, Thị Xã Tuyên Quang",1,0,avatarboy1.jpg
qv4h,sebj9yf,Đỗ Hoàng Mỹ,0,1988-04-11,0700661233,qv4hsebj9yf95j8l@gmail.com,"Số 542 - 544 Đường 17/8, Tổ 15 , Phường: Tân Hà, Thị Xã Tuyên Quang",1,0,avatargirl1.jpg
adox,g51lmo,Đỗ Quang Ngọc,1,1993-05-19,0488682534,adoxg51lmoyvn2@gmail.com,"Số 184 Quang Trung, Tổ 23 , Phường: Tân Quang, Huyện Bắc Bình",1,0,avatarboy1.jpg
85uq,zc3j6kz,Đàm Yến Nhi,0,1982-10-11,0487359653,85uqzc3j6kzkmu@gmail.com,"Tổ Dân Phố Cơ Quan, Tt. Sơn Dương , Thị Trấn: Sơn Dương, Huyện Sơn Dương",1,0,avatargirl1.jpg
msc0,upw1e4jo,Đoàn Hoàng Sơn,1,1999-03-13,0714700757,msc0upw1e4joe50@gmail.com,"Số 46 Tổ Dân Phố Quyết Thắng, Tt.Sơn Dương , Thị Trấn: Sơn Dương, Huyện Sơn Dương",1,0,avatarboy1.jpg
t5xl,gjdcju4,Nguyễn Công Thành,1,1982-01-15,0563981091,t5xlgjdcju4@gmail.com,"Số 209, Đường Trần Phú, Phường: Tân Quang, Thị Xã Tuyên Quang",1,0,avatarboy1.jpg
h1or,pilrvm,Bùi Phương Thảo,0,1992-01-27,0728699023,h1orpilrvmv@gmail.com,"Số 17 Đường 19/5, Thị Trấn: Ba Tri, Huyện Ba Tri",1,0,avatargirl1.jpg
1y13,r84n7ry,Nguyễn Hương Thảo,0,1988-08-12,0770703155,1y13r84n7ry45m8@gmail.com,"Số 340 Kp3 , Thị Trấn: Giồng Trôm, Huyện Giồng Trôm",1,0,avatargirl1.jpg
5zpw,hgf6pl4p78,Tô Diệu Thảo,0,2000-01-21,0159523198,5zpwhgf6pl4p78utw7@gmail.com,"Số 24 Nguyễn Trung Trực, Phường: 1, Thị Xã Bến Tre",1,0,avatargirl1.jpg